mes,n,f1
2020-01,100000,0.18526375335878942
2020-02,100000,0.032866905304262936
2020-03,100000,0.03680981595092025
